netid,First Name,Last Name,Major,Career,Email
fpjones,Forsythe,Jones,ENG,Journalism,fpjones@princeton.edu
ecooper,Elizabeth,Cooper,WWS,Law,ecooper@princeton.edu
aandrews,Archibald,Andrews,MUS,Music,aandrews@princeton.edu
vlodge,Veronica,Lodge,ECO,Business,vlodge@princeton.edu
rmantle,Reginald,Mantle,ORF,Finance,rmantle@princeton.edu
cblossom,Cheryl,Blossom,POL,Politics,cblossom@princeton.edu
atopaz,Antoinette,Topaz,SOC,Finance,atopaz@princeton.edu
jmccoy,Josie,McCoy,MUS,Music,jmccoy@princeton.edu